Line,Product Name,Price
Xiaomi Redmi 2 2 6.28,Xiaomi Redmi 2,6.28
Noctua NH-D15 1 5.98 E,Noctua NH-D15,5.98
Audi Q7 55 TFSI 2.97 N,Audi Q7 55 TFSI,2.97
BMW X6 M50i AWD 762831 2.4,BMW X6 M50i AWD,2.4
Internet Modem 293827 4 12.38,Internet Modem,12.38
Kids' Cargo Pants 647256 3 8.33,Kids' Cargo Pants,8.33
Fitness Tracker 393620 11.41,Fitness Tracker,11.41
Monitor Stand 9 6.65 A,Monitor Stand,6.65
Buick Envision Avenir AWD 7 12.23,Buick Envision Avenir AWD,12.23
Buick Regal TourX AWD 876471 4.69,Buick Regal TourX AWD,4.69
