Code,Product Name,Price
N 939839 Gaming Controller 1.91 A,Gaming Controller,1.91
N 932477 Mazda3 Turbo 10.74 F,Mazda3 Turbo,10.74
N 628974 Volkswagen ID.3 8.11 H,Volkswagen ID.3,8.11
N 528590 Chevrolet Tahoe Premier 4WD 4.25 N,Chevrolet Tahoe Premier 4WD,4.25
N 269852 CINNAMON ROLLS 1.20 E,CINNAMON ROLLS,1.20
N 907592 Samsung Galaxy Z Fold 2 12.55 N,Samsung Galaxy Z Fold 2,12.55
N 221379 Kids' Fleece Hat 4.24 H,Kids' Fleece Hat,4.24
N 921334 Universal Wireless Charging Pad 7.84 £,Universal Wireless Charging Pad,7.84
N 109842 Potato Chips 5.04 N,Potato Chips,5.04
N 319190 Samsung Galaxy S3 3.66 N,Samsung Galaxy S3,3.66
N 896011 Chevrolet Silverado Custom 12.58 H,Chevrolet Silverado Custom,12.58
N 686455 Hyundai Palisade Limited AWD 12.31 E,Hyundai Palisade Limited AWD,12.31
N 932513 BMW X7 xDrive40i AWD 9.22 A,BMW X7 xDrive40i AWD,9.22
N 165278 Kids' Insulated Jacket 11.22 £,Kids' Insulated Jacket,11.22
N 117449 Voice-Controlled Smart Home Charging Stand 8.19 £,Voice-Controlled Smart Home Charging Stand,8.19
N 976172 SUGAR FREE SYRUP 5.09 —,SUGAR FREE SYRUP,5.09
N 326357 Xiaomi Mi 3 4.27 N,Xiaomi Mi 3,4.27
N 211682 Ford Escape Hybrid 7.51 H,Ford Escape Hybrid,7.51
N 633733 Nissan Titan PRO-4X Crew Cab AWD 4.78 H,Nissan Titan PRO-4X Crew Cab AWD,4.78
N 823405 Kia Soul LX 12.62 N,Kia Soul LX,12.62
N 949246 Mercedes-Benz G-Class AMG G63 4.56 A,Mercedes-Benz G-Class AMG G63,4.56
N 497131 Cantaloupe 8.07 E,Cantaloupe,8.07
N 997093 Nissan Titan PRO-4X Crew Cab AWD 4.23 —,Nissan Titan PRO-4X Crew Cab AWD,4.23
N 489692 GARLIC CLUMPS 9.87 —,GARLIC CLUMPS,9.87
N 956160 Digital Smart Camera Charging Station 8.42 A,Digital Smart Camera Charging Station,8.42
N 181503 Universal Wireless Charging Stand 4.57 H,Universal Wireless Charging Stand,4.57
N 463906 LEMONADE 1.62 F,LEMONADE,1.62
N 530846 Samsung Galaxy S9+ 11.16 F,Samsung Galaxy S9+,11.16
N 341674 Buick Regal TourX AWD 4.68 —,Buick Regal TourX AWD,4.68
N 916687 Mini Camera Lens 4.11 A,Mini Camera Lens,4.11
N 612949 Huawei Mate 20 Pro 8.79 E,Huawei Mate 20 Pro,8.79
N 897063 Wi-Fi Hotspot Charging Station 4.00 F,Wi-Fi Hotspot Charging Station,4.00
N 776954 Chrysler 300S V6 AWD 6.09 F,Chrysler 300S V6 AWD,6.09
N 865206 SWEET POTATOES 6.43 £,SWEET POTATOES,6.43
N 905896 Google Pixel XL 6.26 F,Google Pixel XL,6.26
N 876068 Lentils 11.09 H,Lentils,11.09
N 313762 SWEET TEA 9.12 —,SWEET TEA,9.12
N 406278 Mini USB Wireless Adapter Charging Dock 9.59 H,Mini USB Wireless Adapter Charging Dock,9.59
N 843354 Nissan Armada Platinum Reserve AWD 11.92 £,Nissan Armada Platinum Reserve AWD,11.92
N 176992 Electronic Device Charging Dock 6.94 F,Electronic Device Charging Dock,6.94
N 133683 Pepperoni 10.46 A,Pepperoni,10.46
N 233891 External SSD Case 8.35 £,External SSD Case,8.35
N 950801 Cooler Master Hyper 212 EVO V2 1.03 H,Cooler Master Hyper 212 EVO V2,1.03
N 317333 Home Theater System Charging Station 6.24 —,Home Theater System Charging Station,6.24
N 640414 Honda Passport TrailSport AWD 12.59 E,Honda Passport TrailSport AWD,12.59
N 995854 Hyundai Tucson N Line AWD 3.69 —,Hyundai Tucson N Line AWD,3.69
N 180837 Hyundai Palisade SE 1.19 H,Hyundai Palisade SE,1.19
N 595277 Gigabyte B550 AORUS PRO 8.44 £,Gigabyte B550 AORUS PRO,8.44
N 205408 Audi Q8 Prestige Plus AWD 7.68 E,Audi Q8 Prestige Plus AWD,7.68
N 990808 Kia K5 GT-Line AWD 4.85 E,Kia K5 GT-Line AWD,4.85
N 184191 Mercedes-Benz G-Class 8.19 A,Mercedes-Benz G-Class,8.19
N 805568 Corsair Vengeance LPX 16GB DDR4-3200 6.11 N,Corsair Vengeance LPX 16GB DDR4-3200,6.11
N 704837 Ford F-250 Super Duty XLT 7.82 E,Ford F-250 Super Duty XLT,7.82
N 767792 Mazda MX-30 EV AWD 3.41 F,Mazda MX-30 EV AWD,3.41
N 769341 Honda CR-V Hybrid EX-L AWD 4.82 A,Honda CR-V Hybrid EX-L AWD,4.82
N 162731 Subaru Crosstrek Hybrid AWD 7.13 A,Subaru Crosstrek Hybrid AWD,7.13
N 666197 Digital Photo Frame Charging Dock 12.76 H,Digital Photo Frame Charging Dock,12.76
N 461869 Thermaltake Tower 500 1.04 F,Thermaltake Tower 500,1.04
N 888899 BEEF TENDERLOIN 4.51 A,BEEF TENDERLOIN,4.51
N 244829 Wi-Fi Network Extender Stand 11.08 A,Wi-Fi Network Extender Stand,11.08
N 133207 Camera Lens 9.46 E,Camera Lens,9.46
N 606578 Chevrolet Blazer RS 1.98 A,Chevrolet Blazer RS,1.98
N 393638 Men's Pullover Hoodie 8.59 F,Men's Pullover Hoodie,8.59
N 349365 Chevrolet Tahoe Premier 4WD 12.15 N,Chevrolet Tahoe Premier 4WD,12.15
N 201618 Hyundai Tucson N Line AWD 10.40 H,Hyundai Tucson N Line AWD,10.40
N 711298 Buick Regal TourX AWD 5.09 £,Buick Regal TourX AWD,5.09
N 169989 Audi A5 10.82 F,Audi A5,10.82
N 245858 Ford Bronco Outer Banks 4WD 1.11 N,Ford Bronco Outer Banks 4WD,1.11
N 753019 HAMBURGER MEAT 10.65 F,HAMBURGER MEAT,10.65
N 881025 LED Strip Lights Charging Dock 7.47 —,LED Strip Lights Charging Dock,7.47
N 951951 Volkswagen Tiguan SEL R-Line AWD 5.23 £,Volkswagen Tiguan SEL R-Line AWD,5.23
N 732798 Huawei Nova 7 7.31 £,Huawei Nova 7,7.31
N 681859 Mazda CX-5 4.74 —,Mazda CX-5,4.74
N 774035 Corsair Crystal Series 680X 2.23 —,Corsair Crystal Series 680X,2.23
N 205775 NZXT Kraken X73 RGB 5.03 F,NZXT Kraken X73 RGB,5.03
N 117129 Chevrolet Traverse RS 2.76 N,Chevrolet Traverse RS,2.76
N 382293 Kia Telluride SX AWD 2.21 A,Kia Telluride SX AWD,2.21
N 761718 Women's Silk Blouse 4.76 —,Women's Silk Blouse,4.76
N 102278 Huawei P40 Pro+ 11.54 N,Huawei P40 Pro+,11.54
N 370187 Buick Envision Avenir AWD 1.33 E,Buick Envision Avenir AWD,1.33
N 266483 Smart Home Hub 3.87 —,Smart Home Hub,3.87
N 345434 Motorola Moto G Play 4.08 N,Motorola Moto G Play,4.08
N 946363 Subaru Crosstrek Hybrid AWD 11.84 N,Subaru Crosstrek Hybrid AWD,11.84
N 124875 Men's Casual Blazer 7.90 N,Men's Casual Blazer,7.90
N 887478 Chevrolet Tahoe Z71 8.72 A,Chevrolet Tahoe Z71,8.72
N 778355 Mini Bluetooth Speaker 6.11 N,Mini Bluetooth Speaker,6.11
N 203530 Digital Photo Frame Charging Dock 9.82 —,Digital Photo Frame Charging Dock,9.82
N 549158 TARRAGON 7.61 £,TARRAGON,7.61
N 204728 Mercedes-Benz EQB 300 AWD 6.88 F,Mercedes-Benz EQB 300 AWD,6.88
N 649885 Rolls 8.83 E,Rolls,8.83
N 374401 Men's Casual Vest 7.78 —,Men's Casual Vest,7.78
N 123721 Universal Smartphone Charging Dock 11.25 N,Universal Smartphone Charging Dock,11.25
N 551615 Voice-Activated Remote 9.85 —,Voice-Activated Remote,9.85
N 665995 Nissan Armada Platinum Reserve AWD 8.24 H,Nissan Armada Platinum Reserve AWD,8.24
N 498991 Ford F-250 Super Duty XLT 1.57 E,Ford F-250 Super Duty XLT,1.57
N 481019 Voice-Controlled Smart Home Charging Dock 5.78 H,Voice-Controlled Smart Home Charging Dock,5.78
N 353646 Audi A8 4.32 A,Audi A8,4.32
N 190505 Hyundai Tucson N Line AWD 1.32 —,Hyundai Tucson N Line AWD,1.32
N 473169 Be Quiet! Dark Power Pro 12 1200W 80+ Titanium 7.05 H,Be Quiet! Dark Power Pro 12 1200W 80+ Titanium,7.05
N 543301 Ram 2500 4.21 H,Ram 2500,4.21
N 150382 Ford Mustang Bullitt 1.59 E,Ford Mustang Bullitt,1.59
N 122362 TACO SAUCE 7.22 A,TACO SAUCE,7.22
N 311869 G.SKILL Ripjaws DDR4-3600 16GB 4.06 —,G.SKILL Ripjaws DDR4-3600 16GB,4.06
N 756628 CHURROS 4.54 E,CHURROS,4.54
N 791683 Honda Passport TrailSport AWD 9.81 F,Honda Passport TrailSport AWD,9.81
N 393771 Men's Crew Neck Tee 6.27 —,Men's Crew Neck Tee,6.27
N 510209 NVIDIA GeForce RTX 3060 9.69 A,NVIDIA GeForce RTX 3060,9.69
N 242427 Chrysler 300S V6 AWD 1.45 H,Chrysler 300S V6 AWD,1.45
N 298936 Chrysler Pacifica Hybrid Limited AWD 12.01 H,Chrysler Pacifica Hybrid Limited AWD,12.01
N 885792 Fitness Band Charging Dock 5.04 E,Fitness Band Charging Dock,5.04
N 736986 Bluetooth Speaker 2.19 E,Bluetooth Speaker,2.19
N 384079 Wi-Fi Hotspot Charging Dock 3.73 A,Wi-Fi Hotspot Charging Dock,3.73
N 976477 Men's Suede Boots 5.33 £,Men's Suede Boots,5.33
N 807225 Subaru Crosstrek Hybrid 8.67 N,Subaru Crosstrek Hybrid,8.67
N 253365 Seasonic Focus GX-750 750W 80+ Gold 3.56 E,Seasonic Focus GX-750 750W 80+ Gold,3.56
N 242607 Hyundai Tucson N Line AWD 5.73 E,Hyundai Tucson N Line AWD,5.73
N 686709 Wi-Fi Camera Charging Stand 2.45 F,Wi-Fi Camera Charging Stand,2.45
N 419270 Bluetooth Wireless Earbuds Charging Dock 5.24 H,Bluetooth Wireless Earbuds Charging Dock,5.24
N 898672 Nissan Titan XD Pro-4X Crew Cab 12.12 F,Nissan Titan XD Pro-4X Crew Cab,12.12
N 621509 BMW X6 M50i AWD 7.16 —,BMW X6 M50i AWD,7.16
N 146423 Digital Photo Frame Charger Stand 5.35 A,Digital Photo Frame Charger Stand,5.35
N 789300 Kia Telluride SX AWD 7.61 A,Kia Telluride SX AWD,7.61
N 804796 Women's Casual Dress 1.60 E,Women's Casual Dress,1.60
N 968675 Lentil Soup 1.19 E,Lentil Soup,1.19
N 975219 Noctua NH-U12S 5.18 F,Noctua NH-U12S,5.18
N 749794 Chrysler Pacifica Hybrid Limited AWD 11.86 £,Chrysler Pacifica Hybrid Limited AWD,11.86
N 228220 Subaru Crosstrek Hybrid AWD 1.31 E,Subaru Crosstrek Hybrid AWD,1.31
N 866527 Ford Escape Hybrid 4.03 F,Ford Escape Hybrid,4.03
N 102041 Wi-Fi Hotspot Charging Stand 1.69 E,Wi-Fi Hotspot Charging Stand,1.69
N 621053 ONIONS 9.74 E,ONIONS,9.74
N 545256 Honda Passport TrailSport AWD 2.47 N,Honda Passport TrailSport AWD,2.47
N 833663 Audi Q7 Prestige Plus 10.86 F,Audi Q7 Prestige Plus,10.86
N 971035 Tablet Charger Dock 4.17 H,Tablet Charger Dock,4.17
N 425124 NZXT H510 Flow 1.23 F,NZXT H510 Flow,1.23
N 576204 Corsair Dominator Platinum DDR4-3600 128GB 9.45 H,Corsair Dominator Platinum DDR4-3600 128GB,9.45
N 748976 Flour 10.87 F,Flour,10.87
N 509703 Apple iPhone 8 Plus 4.51 F,Apple iPhone 8 Plus,4.51
N 991214 Honda Accord Touring 6.95 F,Honda Accord Touring,6.95
N 324374 Mini USB Wireless Adapter Dock 6.17 A,Mini USB Wireless Adapter Dock,6.17
N 294563 Spaghetti 12.48 A,Spaghetti,12.48
N 267694 Chrysler 300S V6 AWD 12.41 £,Chrysler 300S V6 AWD,12.41
N 705287 Men's Casual Shoes 8.16 F,Men's Casual Shoes,8.16
N 321828 Fitness Tracker Watch Charging Dock 6.58 N,Fitness Tracker Watch Charging Dock,6.58
N 795923 Motorola Moto G Play 1.94 £,Motorola Moto G Play,1.94
N 601628 Home Security Camera Charging Dock 7.86 A,Home Security Camera Charging Dock,7.86
N 298321 RICE CAKES 11.19 —,RICE CAKES,11.19
N 918518 Digital Smart Camera Charging Dock 2.00 H,Digital Smart Camera Charging Dock,2.00
N 147360 Mercedes-Benz C-Class Coupe 12.98 —,Mercedes-Benz C-Class Coupe,12.98
N 843974 Potatoes 3.49 £,Potatoes,3.49
N 774587 Toyota Venza XLE AWD 2.98 E,Toyota Venza XLE AWD,2.98
N 610674 Volkswagen ID.4 AWD Pro S 5.31 A,Volkswagen ID.4 AWD Pro S,5.31
N 139466 Oppo Reno 4 8.10 —,Oppo Reno 4,8.10
N 365623 NVIDIA GeForce RTX 3080 6.27 £,NVIDIA GeForce RTX 3080,6.27
N 718226 Home Theater System Charging Station 4.62 E,Home Theater System Charging Station,4.62
N 949392 Eggs 3.00 —,Eggs,3.00
N 287553 Chevrolet Tahoe RST 4WD 8.57 H,Chevrolet Tahoe RST 4WD,8.57
N 694890 Digital Smart Camera Charging Stand 2.25 F,Digital Smart Camera Charging Stand,2.25
N 522436 Digital Photo Frame Mount 7.81 A,Digital Photo Frame Mount,7.81
N 152233 Oppo Reno 7 10.38 H,Oppo Reno 7,10.38
N 729224 Portable Wi-Fi Router 2.44 £,Portable Wi-Fi Router,2.44
N 495958 Mazda CX-5 Carbon Edition AWD 4.73 H,Mazda CX-5 Carbon Edition AWD,4.73
N 748917 Hyundai Palisade Limited AWD 9.46 —,Hyundai Palisade Limited AWD,9.46
N 953943 Tablet Dock Stand Charging Station 6.97 A,Tablet Dock Stand Charging Station,6.97
N 912788 Whole Grain Mustard 4.57 N,Whole Grain Mustard,4.57
N 596497 Fitness Tracker Watch Charger 2.47 E,Fitness Tracker Watch Charger,2.47
N 273070 Buick Envision Preferred 12.59 F,Buick Envision Preferred,12.59
N 519542 ROASTED NUTS 6.23 E,ROASTED NUTS,6.23
N 520739 WHOLE WHEAT PASTA 4.13 E,WHOLE WHEAT PASTA,4.13
N 704225 Nissan Sentra SR 8.06 —,Nissan Sentra SR,8.06
N 488078 Zesty Salsa 11.85 H,Zesty Salsa,11.85
N 965932 Smart Camera 7.92 —,Smart Camera,7.92
N 785681 Audi Q7 55 TFSI AWD 2.03 —,Audi Q7 55 TFSI AWD,2.03
N 341596 Universal Wireless Charging Dock 9.00 A,Universal Wireless Charging Dock,9.00
N 861952 Home Theater Projector 8.30 H,Home Theater Projector,8.30
N 475904 Fitness Tracker Watch Stand 8.21 £,Fitness Tracker Watch Stand,8.21
N 569505 Motorola Moto X4 3.71 A,Motorola Moto X4,3.71
N 915450 BLACK BEAN SAUCE 3.01 F,BLACK BEAN SAUCE,3.01
N 501338 Honda CR-V Hybrid EX-L AWD 9.28 F,Honda CR-V Hybrid EX-L AWD,9.28
N 469989 Mazda CX-5 Carbon Edition AWD 6.37 E,Mazda CX-5 Carbon Edition AWD,6.37
N 975810 Men's Dress Pants 1.47 H,Men's Dress Pants,1.47
N 593939 Mercedes-Benz GLA 4.24 N,Mercedes-Benz GLA,4.24
N 848147 NVIDIA GeForce GTX 1660 Ti 1.16 N,NVIDIA GeForce GTX 1660 Ti,1.16
N 934134 Jeep Grand Cherokee L Overland 4WD 1.70 A,Jeep Grand Cherokee L Overland 4WD,1.70
N 647785 Women's Casual Pants 2.07 —,Women's Casual Pants,2.07
N 415468 Volkswagen Tiguan SE R-Line AWD 6.74 N,Volkswagen Tiguan SE R-Line AWD,6.74
N 761459 CREME FRAICHE 1.05 A,CREME FRAICHE,1.05
N 462535 Chevrolet Tahoe Premier 4WD 5.03 —,Chevrolet Tahoe Premier 4WD,5.03
N 354211 Honda CR-V Hybrid EX-L AWD 7.81 E,Honda CR-V Hybrid EX-L AWD,7.81
N 343841 Honda Pilot Elite AWD 11.94 A,Honda Pilot Elite AWD,11.94
N 841911 Voice-Controlled Smart Home Charger 5.10 —,Voice-Controlled Smart Home Charger,5.10
N 702365 Car Phone Charging Dock 2.32 £,Car Phone Charging Dock,2.32
N 316907 Gigabyte Z690 AORUS XTREME 9.01 £,Gigabyte Z690 AORUS XTREME,9.01
N 482794 Mustard 10.11 H,Mustard,10.11
N 652601 Toyota Venza XLE AWD 5.55 N,Toyota Venza XLE AWD,5.55
N 181976 Chrysler Pacifica Hybrid Limited AWD 9.68 A,Chrysler Pacifica Hybrid Limited AWD,9.68
N 937280 HAM 2.23 —,HAM,2.23
N 138905 BMW X7 xDrive40i AWD 7.19 H,BMW X7 xDrive40i AWD,7.19
N 276840 Kia K5 GT-Line AWD 8.94 A,Kia K5 GT-Line AWD,8.94
N 109698 Beef Stroganoff 2.38 A,Beef Stroganoff,2.38
N 927794 AC Adapter 5.56 N,AC Adapter,5.56
