M,a,i,n, ,C,a,t,a,g,o,r,y
H,o,m,e, ,&, ,G,a,r,d,e,n
H,a,i,r, ,E,x,t,e,n,s,i,o,n,s, ,&, ,W,i,g,s
M,e,n,',s, ,C,l,o,t,h,i,n,g
A,c,c,e,s,s,o,r,i,e,s
C,o,n,s,u,m,e,r, ,E,l,e,c,t,r,o,n,i,c,s
H,o,m,e, ,I,m,p,r,o,v,e,m,e,n,t, ,&, ,L,i,g,h,t,i,n,g
H,o,m,e, ,A,p,p,l,i,a,n,c,e,s
A,u,t,o,m,o,t,i,v,e, ,&, ,M,o,t,o,r,c,y,c,l,e
L,u,g,g,a,g,e,s, ,&, ,B,a,g,s
S,h,o,e,s
S,p,e,c,i,a,l, ,O,c,c,a,s,i,o,n, ,C,o,s,t,u,m,e
W,o,m,e,n,',s, ,C,l,o,t,h,i,n,g
S,p,o,r,t,s, ,&, ,E,n,t,e,r,t,a,i,n,m,e,n,t
T,o,y,s, ,&, ,G,a,m,e,s
B,a,b,i,e,s, ,&, ,K,i,d,s
P,h,o,n,e,s, ,&, ,T,e,l,e,c,o,m,m,u,n,i,c,a,t,i,o,n,s
C,o,m,p,u,t,e,r,",", ,O,f,f,i,c,e, ,&, ,E,d,u,c,a,t,i,o,n
F,u,r,n,i,t,u,r,e
P,e,t, ,S,u,p,p,l,i,e,s
S,e,c,u,r,i,t,y, ,&, ,P,r,o,t,e,c,t,i,o,n
B,e,a,u,t,y, ,&, ,H,e,a,l,t,h
T,o,o,l,s, ,&, ,I,n,d,u,s,t,r,i,a,l
L,i,n,g,e,r,i,e, ,&, ,L,o,u,n,g,e,w,e,a,r
J,e,w,e,l,r,y, ,&, ,W,a,t,c,h,e,s
